id,Inches,Ram,Weight,Price_euros,Resolution_disc,Pantalla_disc,Family_disc,Clock_speed_disc,Modelo_procesador_disc,Gpu_Brand_disc,GPU_model_disc,storage_type_disc
268,15.6,8,2.36,749.0,0,1,3,4,4,0,2,1
347,15.6,4,2.0,449.0,0,1,0,0,0,1,0,1
353,13.3,8,1.2,1460.0,3,1,2,3,3,1,2,3
578,15.6,16,4.42,2868.99,9,4,3,6,6,2,10,3
42,12.5,8,1.26,1713.37,3,1,2,1,4,1,2,3
867,15.6,12,2.26,1099.0,3,1,3,4,4,2,3,3
1136,15.6,4,2.0,415.0,3,1,1,0,0,1,2,3
609,15.6,8,2.4,1142.8,3,1,3,6,6,2,3,3
474,14.0,8,1.3,1193.0,3,1,3,4,4,2,2,3
838,15.6,16,2.5,1600.0,3,1,3,6,6,2,4,3
851,15.6,4,2.65,309.0,0,1,0,1,0,1,0,1
904,15.6,8,2.02,855.0,3,1,3,3,3,1,2,3
355,15.6,8,2.2,1119.0,0,1,2,3,3,1,2,3
44,15.6,6,1.95,649.0,3,1,1,0,1,0,1,3
36,14.0,4,1.75,499.0,0,1,0,0,0,1,0,3
971,15.6,8,1.88,1096.16,3,1,2,1,2,1,2,3
938,14.0,4,1.74,629.0,3,1,1,1,0,1,2,3
718,15.6,6,2.23,549.0,0,1,2,2,2,1,2,1
518,15.6,32,2.5,4899.0,9,4,4,8,12,2,12,3
1126,17.3,8,3.0,854.0,3,1,2,1,2,2,2,3
51,10.1,4,0.69,646.27,0,0,0,0,0,1,0,0
772,17.3,6,2.71,655.01,3,1,2,2,1,0,1,1
1001,12.5,8,1.26,1389.0,0,1,2,6,4,1,2,3
330,17.3,16,3.35,1379.0,3,1,3,6,6,2,3,3
66,15.6,8,1.78,2712.0,9,4,3,6,6,2,8,3
829,15.6,4,2.0,389.0,3,1,1,0,0,1,2,1
1129,15.6,4,2.4,559.0,0,1,2,2,2,1,2,1
1197,15.6,6,2.4,695.0,3,1,2,2,2,2,1,3
171,15.6,4,2.2,306.0,0,1,0,0,0,1,0,1
233,14.0,8,1.95,980.0,3,1,2,2,2,1,2,3
205,15.6,8,2.13,728.0,3,1,2,1,2,0,1,3
361,15.6,8,2.5,1265.0,3,1,3,6,6,2,4,3
1250,15.6,8,2.32,895.0,3,1,3,2,4,0,1,2
707,15.6,4,2.18,614.0,0,1,1,0,0,0,0,1
884,15.6,4,2.2,359.0,3,1,0,0,0,1,0,0
1071,15.6,6,2.2,597.57,3,1,2,0,0,0,1,3
95,15.6,4,2.2,369.0,0,1,0,1,0,1,0,1
745,15.6,4,2.2,369.0,0,1,0,1,0,1,0,1
899,15.6,4,2.1,367.0,0,1,1,4,1,1,2,1
313,15.6,8,1.7,1049.9,3,1,3,4,4,2,2,3
1063,15.6,8,2.2,1119.91,3,1,2,2,2,2,3,3
193,15.6,8,2.3,1094.0,3,1,2,4,2,1,2,3
625,15.6,8,1.91,659.0,3,1,3,3,3,1,2,3
142,15.6,8,2.31,1427.0,3,1,3,10,5,1,4,3
243,11.6,8,1.4,495.0,0,0,0,0,0,1,0,0
1214,14.0,8,1.48,1268.0,3,1,2,6,4,1,2,3
1047,15.6,4,2.3,418.64,0,1,1,0,0,1,2,1
648,15.6,4,2.2,479.0,3,1,1,0,0,0,0,1
34,15.4,16,2.04,2139.97,9,3,3,0,8,1,8,0
804,14.0,4,1.54,1030.99,3,1,2,3,3,1,2,1
872,15.6,4,1.86,397.0,3,1,1,0,0,1,2,1
1297,15.6,8,1.88,1579.0,3,1,2,3,3,1,2,3
192,15.6,8,1.98,726.0,3,1,2,2,2,1,2,1
451,15.6,4,2.1,347.0,0,1,0,1,0,1,0,1
894,15.6,4,2.3,649.0,0,1,2,3,3,1,2,3
961,14.0,8,1.47,1725.0,3,1,3,6,7,1,2,3
1168,14.0,4,1.7,1096.0,3,1,2,3,3,1,2,3
966,15.6,8,2.3,1529.0,3,1,3,6,7,1,2,3
794,14.0,2,1.4,239.0,3,1,0,0,0,1,0,0
763,15.6,8,2.67,1925.0,3,1,3,6,6,2,8,3
946,15.6,4,1.85,414.9,3,1,1,0,0,1,2,1
1298,15.6,4,2.2,469.0,0,1,1,0,0,2,0,1
715,14.0,4,1.5,278.0,0,1,0,0,0,1,0,0
762,13.3,8,1.2,1449.0,3,1,3,3,3,1,2,3
1101,15.6,8,2.2,1089.0,3,1,2,2,2,2,3,3
994,12.5,8,0.97,1908.0,3,1,3,4,7,1,4,3
528,14.0,8,1.6,1099.0,3,1,3,6,6,1,2,3
926,15.6,8,2.2,629.0,0,1,3,2,4,2,1,1
791,15.6,4,1.86,345.99,0,1,1,0,0,1,2,1
351,14.0,4,1.68,349.0,0,1,0,1,0,1,0,0
166,15.6,8,2.09,1062.95,3,1,2,1,4,1,2,3
1196,15.6,4,2.1,348.0,0,1,0,0,0,1,0,1
1056,15.6,8,2.33,844.0,3,1,2,1,2,0,1,3
909,17.3,32,3.49,6099.0,9,4,3,10,10,2,12,3
1189,15.6,4,2.2,349.0,0,1,0,0,0,0,0,3
654,17.3,16,3.78,2499.0,3,1,3,6,6,2,10,3
968,15.6,4,2.2,535.0,3,1,2,3,3,1,2,1
1027,12.5,8,1.26,2296.95,3,1,3,2,4,1,2,3
217,11.6,4,1.4,475.0,0,0,0,1,0,1,0,3
1224,12.5,8,1.36,1584.0,3,1,3,4,4,1,2,3
559,17.3,16,2.77,1549.0,3,1,3,3,3,2,4,3
136,13.3,8,1.29,899.0,3,1,2,2,2,1,2,3
420,13.3,8,1.62,839.0,3,1,3,3,3,1,2,1
54,13.3,32,1.05,2799.0,3,1,3,4,4,1,2,3
788,15.6,4,2.1,451.0,0,1,1,0,0,0,0,3
628,15.6,8,2.2,1099.0,3,1,2,2,2,2,3,3
1215,15.6,8,2.05,880.0,3,1,3,3,3,1,2,3
396,15.6,4,1.9,339.0,0,1,1,0,0,1,2,1
1083,15.6,4,2.2,369.0,0,1,0,1,0,1,0,1
20,13.3,8,1.28,2277.0,3,1,2,2,2,1,2,3
1263,13.3,16,1.49,1197.0,3,1,3,3,3,1,2,3
258,15.6,8,2.62,929.0,3,1,3,6,6,2,3,1
159,15.6,4,2.18,558.6,0,1,1,0,0,1,2,1
572,15.6,16,2.5,999.0,3,1,2,0,2,0,2,3
374,15.6,8,2.0,860.0,3,1,2,2,2,1,2,1
25,12.5,8,1.26,1895.0,0,1,2,1,4,1,2,3
345,15.6,4,2.4,999.0,3,1,3,6,6,2,3,1
827,11.6,4,1.63,744.0,0,1,0,0,0,1,0,3
661,15.6,8,2.04,889.0,3,1,2,2,2,2,3,3
102,13.3,8,1.37,2025.0,3,1,3,4,4,1,2,3
185,17.3,8,2.73,1770.0,3,1,2,2,2,2,6,3
69,17.3,8,2.69,891.0,3,1,2,2,2,2,2,3
327,15.6,16,2.4,1799.0,3,1,3,6,6,2,6,3
439,11.6,4,1.25,297.0,0,1,0,1,0,1,0,0
662,17.3,16,4.14,2499.0,3,1,3,6,6,2,10,3
799,15.6,4,2.2,575.0,3,1,2,2,0,0,0,3
555,15.6,4,2.1,722.0,3,1,2,1,2,1,2,1
40,14.0,4,1.75,1020.0,0,1,2,3,3,1,2,3
1110,13.3,16,1.3,1499.0,5,2,3,2,4,1,2,3
998,14.0,8,1.36,1750.0,3,1,3,4,4,1,2,3
500,17.3,8,2.9,1511.19,3,1,3,6,5,2,3,3
734,13.3,8,1.23,1869.0,5,2,2,1,2,1,2,3
974,14.0,8,1.7,1364.0,3,1,2,2,2,1,2,3
117,13.3,4,1.28,1799.0,3,1,2,2,2,1,2,3
392,15.6,4,2.04,769.99,0,1,1,1,0,1,2,3
1060,15.6,16,2.2,1219.24,3,1,3,3,3,0,1,3
613,15.6,8,2.37,1099.0,3,1,2,2,2,1,2,3
711,14.0,8,1.63,1084.0,3,1,3,3,3,1,2,3
1245,15.6,4,2.18,547.0,0,1,1,1,0,1,2,3
639,14.0,8,1.1,1873.0,3,1,3,4,4,1,2,3
9,17.3,4,3.0,805.0,3,1,2,1,2,2,2,3
1213,15.6,4,1.9,450.0,0,1,1,0,0,1,2,1
535,15.6,8,2.62,1159.0,3,1,3,6,6,2,4,3
155,13.3,8,1.23,1099.0,5,2,2,1,4,1,2,3
1074,17.3,8,2.63,1280.0,3,1,3,4,4,2,3,1
472,11.6,4,1.39,603.0,0,0,3,1,1,1,5,3
47,17.3,4,2.8,529.0,3,1,1,0,0,1,2,1
5,17.3,8,2.5,928.0,3,1,2,1,2,1,2,3
466,15.6,4,2.0,435.0,0,1,1,1,0,1,2,1
712,14.0,8,1.63,812.0,3,1,2,1,2,1,2,1
212,14.0,8,1.5,619.0,3,1,1,1,0,1,2,3
1067,15.6,8,1.86,575.0,3,1,2,2,2,1,2,3
785,15.6,8,2.04,389.0,0,1,0,1,0,1,0,1
332,15.6,8,1.95,810.0,0,1,2,2,2,1,2,3
1199,15.6,16,2.94,2267.86,3,1,3,6,6,2,10,3
412,15.6,8,2.0,1829.0,3,1,3,6,6,2,3,3
200,14.0,8,1.43,1500.0,3,1,3,2,4,1,2,3
509,15.6,8,2.0,943.0,3,1,2,2,2,1,2,3
411,15.6,8,2.2,1149.0,3,1,3,6,6,2,3,3
627,13.3,8,1.37,1950.0,3,1,3,4,4,1,2,3
1088,15.6,12,2.2,899.0,3,1,2,0,0,0,1,1
881,15.6,4,1.95,729.9,0,1,2,3,3,1,2,1
914,13.3,16,1.22,1899.0,5,2,3,6,7,1,5,3
690,15.6,8,2.0,793.0,0,1,2,2,2,1,2,3
111,15.6,8,1.9,1154.0,3,1,2,2,2,0,4,1
26,15.6,8,2.04,979.0,3,1,2,4,2,2,3,3
375,17.3,16,4.42,2699.0,3,1,3,6,6,2,10,3
289,15.6,12,2.21,1327.0,3,1,3,6,6,2,3,3
1007,13.3,4,1.32,699.0,3,1,2,2,2,1,2,3
476,10.1,4,0.69,479.0,0,0,0,0,0,1,0,0
475,14.0,8,1.4,941.0,3,1,2,1,2,1,2,3
125,15.6,8,2.5,879.0,3,1,3,6,6,2,3,3
1154,14.0,8,1.54,1468.0,3,1,3,2,4,1,2,3
1184,15.6,8,2.6,1738.27,3,1,3,6,6,2,8,3
322,15.6,8,2.2,739.0,0,1,2,2,2,1,2,1
280,15.0,16,1.23,1849.0,3,1,3,4,4,2,2,3
63,15.6,8,2.2,629.0,3,1,2,2,2,2,2,3
547,15.6,16,2.1,1899.0,3,1,3,6,6,2,6,3
1293,13.3,4,1.45,459.9,0,1,0,1,0,1,0,0
536,15.6,4,2.1,390.0,0,1,1,0,0,1,2,1
687,15.6,4,1.9,498.0,0,1,2,2,2,1,2,3
1023,15.6,8,2.2,599.9,3,1,3,4,4,0,0,1
210,15.6,4,2.1,398.0,3,1,0,2,0,0,0,1
657,15.6,8,1.9,1008.52,0,1,2,6,4,1,2,1
671,15.6,8,2.3,1655.0,3,1,3,6,6,2,6,3
194,15.6,4,2.3,977.0,3,1,2,3,3,2,2,1
672,14.0,8,1.48,1292.0,3,1,3,4,4,1,2,3
1152,15.6,4,2.23,619.0,0,1,2,2,2,1,2,1
201,17.3,16,2.8,1890.0,3,1,3,6,6,2,6,3
792,14.0,8,2.1,389.0,0,1,1,0,0,1,2,1
306,14.0,16,1.14,2450.0,3,1,3,4,4,1,2,3
828,15.6,16,2.3,859.01,3,1,3,4,4,0,2,1
1055,12.5,8,1.26,1483.0,3,1,3,4,4,1,2,3
813,17.3,32,4.36,3659.4,9,4,3,6,6,2,10,3
1000,13.3,8,1.6,789.01,3,1,3,2,4,1,2,3
110,15.6,8,2.04,806.0,3,1,2,2,2,1,2,1
399,15.6,4,2.4,441.8,0,1,2,2,2,1,2,1
636,15.6,8,2.2,709.0,3,1,3,4,4,2,2,1
1264,14.0,4,1.48,1082.0,3,1,2,4,4,1,2,3
318,15.6,16,2.5,1079.0,3,1,3,6,6,2,4,3
172,14.0,8,1.2,1149.0,3,1,3,6,7,1,5,3
293,15.6,8,3.0,951.0,3,1,3,3,3,2,2,3
138,14.0,8,1.8,2050.38,3,1,3,6,7,2,8,3
747,15.6,8,2.3,1169.0,3,1,3,6,5,2,3,3
801,14.0,16,1.1,2620.0,9,1,3,6,7,1,2,3
45,14.0,8,1.36,1680.0,3,1,3,6,6,1,0,3
1262,15.6,8,2.2,589.0,0,1,1,0,0,1,2,3
923,13.3,8,1.6,689.0,3,1,2,3,3,1,2,3
879,17.3,8,3.3,629.0,1,1,1,0,0,2,2,1
931,13.3,8,1.2,1590.0,3,1,2,3,3,1,2,3
730,15.6,8,2.2,1169.0,3,1,3,6,5,2,6,1
55,15.6,8,2.3,597.0,3,1,1,1,0,2,2,1
373,13.3,8,1.48,2041.0,9,0,3,6,7,1,2,3
603,15.6,6,2.2,789.0,3,1,3,4,4,2,2,3
197,13.3,8,1.05,1475.0,3,1,2,2,2,1,2,3
599,17.3,8,3.2,1695.0,3,1,3,6,6,0,5,3
1258,17.3,16,4.2,2299.0,3,1,3,6,6,2,6,3
682,14.0,4,1.63,722.0,0,1,2,1,2,1,2,1
752,14.0,8,1.6,770.0,3,1,2,1,2,1,2,3
283,13.3,4,1.35,255.0,3,1,0,0,0,1,0,0
1205,15.6,8,2.0,1388.0,3,1,3,4,4,1,2,3
1237,15.6,4,2.1,272.0,0,1,0,0,0,1,0,1
28,15.6,12,2.19,1299.0,3,1,3,4,4,1,2,3
809,15.6,8,2.13,767.8,3,1,3,3,3,0,1,3
1274,15.6,6,1.91,568.9,3,1,2,2,0,0,1,3
532,15.6,8,1.96,598.99,3,1,2,2,2,1,2,3
1167,14.0,16,1.95,3499.0,3,1,3,6,6,2,6,3
942,15.6,8,2.3,911.0,3,1,2,2,2,1,2,3
638,15.6,6,2.1,479.0,3,1,1,1,0,1,2,1
739,15.6,8,2.04,900.0,3,1,3,4,4,2,3,1
1181,15.6,4,2.37,398.99,0,1,1,1,0,1,2,1
109,17.3,16,4.0,1900.0,3,1,3,6,5,2,8,3
1235,15.6,8,2.18,713.99,0,1,2,2,2,1,2,3
640,15.6,8,1.84,1296.99,3,1,3,2,4,0,4,3
319,15.6,8,2.3,573.0,3,1,2,2,2,1,2,3
1002,14.0,2,1.65,199.0,0,1,0,0,0,0,0,0
132,14.0,4,1.76,755.0,0,1,2,3,3,1,2,1
560,11.6,2,1.17,209.0,0,1,0,1,0,1,0,0
601,15.6,4,1.86,419.0,0,1,0,0,0,1,0,3
495,17.3,32,4.42,3072.89,3,1,3,6,6,2,10,3
839,15.6,16,2.5,1799.0,3,1,3,6,6,2,4,3
622,15.6,8,2.67,799.0,3,1,2,1,2,1,2,3
619,17.3,4,2.0,564.0,3,1,1,0,0,2,1,1
631,14.0,16,1.6,1891.0,3,1,3,6,6,2,6,3
515,17.3,8,2.8,698.0,1,1,2,1,2,2,2,3
869,15.6,8,1.09,2299.0,3,1,3,3,3,1,2,3
1068,15.6,8,2.59,2229.0,3,1,3,6,5,2,9,3
99,14.0,8,1.5,1962.98,9,0,3,6,7,1,2,3
795,14.0,4,1.65,277.99,0,1,0,0,0,0,0,3
408,13.3,16,1.3,1499.0,5,2,3,2,4,1,2,3
634,17.3,24,4.33,1269.0,3,1,3,6,5,2,4,3
489,15.6,4,2.1,400.0,0,1,1,0,0,0,0,1
544,17.3,8,2.7,1409.0,3,1,3,6,6,2,6,3
853,15.6,8,2.3,850.66,3,1,2,2,2,1,2,1
15,14.0,8,1.32,1650.0,3,1,2,6,4,1,2,3
485,13.3,16,1.22,1649.0,3,1,3,6,7,1,5,3
290,15.6,4,2.0,304.0,0,1,0,0,0,1,0,1
860,15.6,12,2.2,693.99,0,1,2,1,2,2,1,1
1206,14.0,4,1.95,1060.0,0,1,2,2,2,1,2,1
1174,15.6,8,2.18,789.81,3,1,2,2,2,0,0,3
566,15.6,4,2.18,465.0,0,1,1,0,0,0,0,1
227,15.6,8,2.4,809.0,3,1,2,2,2,2,3,3
967,15.6,6,2.04,549.99,3,1,1,10,0,0,0,2
423,14.0,4,1.76,585.0,0,1,1,0,0,1,2,1
1221,14.0,4,1.6,329.0,3,1,0,0,0,1,0,0
1116,13.3,8,1.39,1149.0,5,2,3,4,4,1,2,3
947,15.6,8,2.0,399.0,0,1,0,0,0,1,0,1
178,14.0,8,1.17,1686.64,9,2,3,2,4,1,2,3
580,14.0,8,1.64,1089.0,3,1,2,6,3,2,3,3
370,15.6,8,2.0,665.0,0,1,1,0,0,1,2,3
291,12.0,8,0.92,1510.0,4,3,2,6,5,1,5,3
652,17.3,4,3.0,655.0,3,1,1,4,1,2,1,1
349,14.0,12,1.4,2299.0,3,1,3,6,7,1,2,3
23,13.3,8,1.34,898.94,3,1,2,3,3,1,2,0
956,15.6,4,2.1,449.0,0,1,1,0,0,1,2,3
996,17.3,8,2.65,544.15,1,1,1,0,0,1,2,1
1296,15.6,16,2.6,1349.0,3,1,3,6,6,2,4,3
482,17.3,16,4.6,2749.99,3,1,3,4,10,2,10,3
650,15.6,4,2.1,412.0,0,1,1,0,0,1,2,3
624,14.0,4,1.6,349.0,0,1,0,1,0,1,0,0
888,13.3,8,1.26,1398.99,3,1,2,1,2,1,2,3
488,14.0,2,1.68,330.0,0,1,0,1,0,1,0,0
1238,15.6,4,2.3,598.9,3,1,2,2,2,0,0,3
154,14.0,8,1.56,1229.0,3,1,2,1,4,1,2,3
381,12.5,4,1.2,669.0,3,1,3,1,1,1,4,0
512,14.0,8,1.13,2049.0,3,1,3,4,4,1,2,0
494,15.6,16,2.5,2370.0,9,4,3,4,9,2,11,3
742,15.6,4,2.08,795.99,3,1,1,3,1,1,2,1
61,17.3,8,2.8,1085.0,3,1,2,1,2,0,1,3
907,15.6,8,2.09,1046.44,3,1,2,1,4,1,2,1
308,17.3,16,4.14,2199.0,3,1,3,4,10,2,8,3
72,15.6,4,2.2,369.0,0,1,0,1,0,1,0,1
454,15.6,8,2.2,675.0,3,1,2,1,2,0,1,1
978,17.3,16,2.43,2649.0,9,4,3,6,5,2,6,3
581,14.0,4,1.45,389.0,3,1,0,0,0,1,0,3
1192,13.3,8,1.37,2040.0,7,3,2,8,7,1,7,3
1268,14.0,8,1.75,1215.38,3,1,3,3,3,0,3,3
1160,13.3,8,1.37,1757.42,3,1,3,4,4,1,2,3
1040,15.6,4,2.38,1055.0,0,1,2,2,2,1,2,1
658,15.6,8,1.93,1369.0,3,1,3,6,6,2,3,3
1018,15.6,4,2.1,867.0,3,1,2,3,3,1,2,3
531,15.6,16,2.4,1129.0,3,1,3,6,6,2,4,3
723,12.5,8,1.6,1690.0,3,1,3,6,6,1,2,3
1077,15.6,8,2.3,819.0,3,1,2,2,2,2,2,3
877,13.3,8,1.2,729.0,3,1,3,1,1,1,4,3
645,15.6,4,1.86,488.69,0,1,2,2,2,1,2,1
342,15.6,4,1.86,469.0,3,1,1,0,0,1,2,1
426,17.3,16,4.14,2729.0,3,1,3,10,10,2,10,3
753,14.0,8,1.8,1191.0,3,1,2,3,3,1,2,3
261,13.5,8,1.252,1867.85,4,0,3,6,6,1,5,3
395,12.0,8,0.92,1165.0,4,3,3,4,4,1,3,0
766,15.6,4,1.9,489.9,0,1,2,2,2,1,2,1
209,15.0,4,2.08,509.0,3,1,1,1,0,1,2,1
1138,14.0,8,1.54,2198.19,9,1,3,2,4,1,2,3
64,14.0,8,1.96,1903.0,3,1,3,6,6,2,3,3
1161,13.3,6,1.5,639.01,3,1,2,2,2,1,2,1
366,13.3,8,1.16,1690.0,3,1,2,3,3,1,2,3
92,15.6,4,2.4,387.0,0,1,1,0,0,0,0,1
50,12.5,8,1.09,3100.0,9,4,3,4,7,1,4,3
656,13.3,8,1.2,1095.0,0,1,2,3,3,1,2,3
606,14.0,2,1.5,229.0,0,1,0,1,0,1,0,0
503,15.6,4,2.32,825.0,3,1,3,2,4,1,2,2
1288,15.6,4,2.18,684.99,0,1,2,2,2,0,0,1
1193,14.0,4,1.8,638.0,3,1,3,2,4,1,2,3
188,13.3,8,1.2,1213.0,3,1,2,3,3,1,2,3
945,13.3,8,1.24,1899.0,3,1,2,4,5,1,5,3
1024,15.6,4,1.86,438.69,0,1,1,0,0,0,1,1
53,17.3,4,2.5,699.0,3,1,1,0,0,0,1,3
981,15.6,8,2.2,899.0,3,1,3,4,4,2,1,1
1282,15.6,16,2.6,1029.0,3,1,3,6,5,2,3,3
721,15.6,6,2.1,529.0,3,1,2,4,0,0,1,1
441,15.6,4,2.18,521.86,0,1,2,2,2,1,2,1
1222,13.3,8,1.38,1119.0,3,1,3,4,4,2,2,3
992,15.6,8,2.18,1009.9,3,1,3,4,4,2,2,3
1271,11.6,2,1.1,275.0,0,0,0,0,0,1,0,0
546,15.6,4,2.2,369.0,0,1,0,1,0,1,0,1
541,14.0,8,1.43,1469.0,3,1,2,3,3,1,2,3
915,14.0,16,1.95,2599.0,3,1,3,6,6,2,6,3
543,13.3,8,1.37,1825.0,3,1,2,2,2,1,2,3
139,15.6,4,2.04,521.47,0,0,2,1,2,1,2,1
929,15.6,8,2.3,805.99,0,1,3,4,4,0,0,1
565,15.6,8,2.04,629.0,0,1,3,4,4,1,2,1
300,15.6,8,2.2,597.0,0,1,2,2,2,1,2,3
960,15.6,4,1.86,299.0,0,1,0,1,0,1,0,3
750,17.3,8,2.75,1399.0,3,1,2,3,3,2,4,3
362,15.6,4,2.37,849.9,0,1,3,4,4,1,2,3
808,13.3,16,1.36,1877.0,3,1,3,2,4,1,2,3
263,15.6,8,2.62,899.0,3,1,3,6,6,2,3,2
701,14.0,8,1.25,1535.0,3,1,2,2,2,1,2,3
549,11.6,4,1.4,269.0,0,1,0,1,0,1,0,0
530,17.3,4,2.8,470.34,0,1,0,0,0,2,1,1
1010,14.0,8,1.87,857.07,3,1,2,2,2,2,1,3
382,15.6,8,2.4,779.0,3,1,2,2,2,2,3,3
80,15.6,8,2.04,2250.68,9,4,2,3,3,2,9,3
939,15.6,8,2.62,985.0,3,1,2,2,2,2,3,3
789,14.0,8,1.64,1185.43,3,1,3,4,4,2,3,3
1239,15.6,8,2.3,1049.6,3,1,2,3,3,1,2,3
871,15.6,8,1.84,1304.0,3,1,3,4,4,1,2,3
218,12.5,4,1.26,1539.0,3,1,2,2,2,1,2,1
1182,15.6,8,1.88,1298.0,3,1,3,4,4,1,2,3
928,15.6,8,1.91,618.99,0,1,2,2,2,0,1,3
722,15.6,8,2.2,459.0,0,1,1,0,0,1,2,1
126,15.6,8,2.2,647.0,3,1,2,1,2,0,1,1
486,14.0,16,1.42,2509.0,9,0,3,4,4,1,2,3
1230,15.6,8,2.2,1043.0,3,1,3,2,4,2,5,3
823,15.6,8,2.0,1142.75,3,1,2,1,2,2,2,3
1300,15.6,8,2.36,638.8,3,1,2,2,2,0,2,1
1190,15.6,4,1.86,439.0,0,1,1,0,0,1,2,1
401,15.6,4,2.1,363.51,0,1,0,0,0,1,0,1
427,13.3,8,1.37,1339.69,7,3,2,3,5,1,5,3
990,12.5,8,0.99,1399.0,9,0,3,4,7,1,4,3
1043,15.6,8,1.98,961.0,3,1,3,4,4,2,3,1
720,17.3,16,2.4,2968.0,9,4,3,4,9,2,10,3
973,15.6,8,2.5,979.0,3,1,3,6,6,2,4,3
191,11.6,4,1.25,265.0,0,1,0,1,0,1,0,3
96,17.3,16,3.78,1498.0,3,1,3,6,6,2,3,3
1233,15.6,8,2.2,659.01,3,1,3,4,4,2,2,1
526,14.0,4,1.22,202.9,3,1,0,0,0,1,0,0
1122,15.6,8,3.2,1399.0,3,1,3,6,6,2,6,3
325,15.6,4,1.86,364.9,0,1,1,0,0,1,2,1
315,15.6,8,2.6,899.0,3,1,3,6,5,2,3,1
554,15.6,8,1.84,1389.0,3,1,3,4,4,1,2,3
902,15.6,8,1.88,2171.72,3,1,3,2,4,1,2,3
890,15.6,8,2.14,539.95,0,1,2,2,2,1,2,1
697,12.5,8,1.36,1429.0,3,1,2,2,2,1,2,3
709,15.6,16,2.2,2449.0,3,1,3,6,6,2,10,3
130,15.6,16,2.4,1294.0,3,1,3,6,6,2,3,3
972,13.3,8,1.6,999.0,3,1,2,1,2,1,2,3
333,17.3,32,4.42,3588.8,3,1,3,6,6,2,11,3
1142,15.6,4,2.3,585.0,3,1,2,2,2,0,0,1
934,13.3,16,1.29,2240.0,5,2,3,2,9,1,5,3
520,17.3,8,2.8,1142.0,3,1,3,3,3,0,1,3
1111,15.6,8,1.84,2103.34,3,1,2,1,4,1,2,3
256,14.0,8,2.0,1334.0,3,1,3,4,4,1,2,3
156,12.5,8,1.34,1670.0,3,1,2,2,2,1,2,3
305,15.6,8,2.2,812.0,0,1,3,2,4,2,5,1
169,15.6,4,2.2,209.0,0,1,0,0,0,1,0,3
1254,17.3,16,4.36,3154.0,9,4,3,6,6,2,10,3
1191,15.6,8,2.2,749.01,3,1,3,4,4,0,0,3
437,15.6,8,2.08,819.0,3,1,3,3,3,1,2,1
1177,14.0,16,2.8,2440.0,9,0,3,6,7,1,2,3
377,15.6,8,2.0,1820.0,3,1,3,6,6,2,3,3
667,13.3,8,1.44,960.0,3,1,2,2,2,1,2,3
616,17.3,8,3.14,1907.99,3,1,3,6,6,2,8,1
1103,12.3,8,1.1,1559.0,7,0,2,4,5,1,5,3
2,14.0,8,1.48,2089.0,3,1,3,4,4,1,2,3
583,17.3,8,2.7,1349.0,3,1,3,6,6,2,4,3
1257,14.0,8,1.7,1186.0,3,1,2,3,3,1,2,3
848,15.6,4,2.18,657.0,3,1,2,2,2,1,2,1
112,13.3,8,1.34,1158.7,3,1,2,3,3,1,2,0
1013,15.6,8,2.2,841.0,3,1,3,3,3,2,2,3
1203,15.6,4,2.0,559.0,3,1,2,2,2,1,2,3
1166,17.3,8,2.8,979.0,3,1,2,1,2,0,1,3
435,14.0,16,1.42,2824.0,9,0,3,4,4,1,2,3
633,14.0,4,1.5,298.0,3,1,0,0,0,1,0,0
43,15.6,8,1.86,639.0,3,1,2,2,2,1,2,1
825,13.3,4,1.05,1285.0,3,1,2,2,2,1,2,3
329,17.3,16,2.9,2122.0,3,1,3,6,6,2,10,3
602,15.6,8,1.95,1390.0,3,1,2,2,2,1,2,3
878,12.5,8,1.3,1099.0,0,1,2,3,3,1,2,3
70,17.3,8,3.4,2999.0,3,1,3,6,6,2,10,3
770,15.6,16,2.65,1349.0,3,1,3,6,6,2,4,3
965,15.6,8,1.98,895.01,3,1,3,4,4,2,3,3
570,14.0,4,1.45,375.0,0,1,0,1,0,1,0,0
282,14.0,2,1.5,229.0,0,1,0,1,0,1,0,0
7,15.6,8,1.9,1269.0,3,1,3,4,4,0,4,1
120,14.0,8,1.25,1099.0,3,1,3,3,3,1,2,3
189,15.6,16,2.2,1449.0,3,1,3,6,6,2,6,3
301,14.0,16,1.3,1495.0,3,1,3,3,3,2,2,3
490,15.6,4,1.86,393.9,0,1,2,2,2,1,2,1
913,15.6,8,2.3,805.99,0,1,3,4,4,0,0,1
296,14.0,4,1.63,699.0,3,1,1,1,0,2,2,3
1078,14.0,4,1.54,1099.99,3,1,2,3,3,1,2,3
577,15.6,4,2.24,769.15,0,1,2,3,3,0,1,1
452,10.1,4,0.69,549.0,0,0,0,0,0,1,0,0
841,12.5,8,1.26,1349.0,3,1,3,2,4,1,2,3
356,17.3,16,4.42,2799.0,9,1,3,10,10,2,10,3
267,15.6,8,2.2,499.0,0,1,1,0,0,2,1,3
425,15.6,4,1.96,500.0,0,1,0,1,0,1,0,1
465,15.6,8,2.0,2249.0,3,1,3,4,9,2,9,3
755,13.0,8,1.05,1349.0,4,1,2,2,2,1,2,3
754,15.6,16,3.2,1749.0,3,1,3,6,6,2,6,3
598,14.0,4,1.64,684.0,0,1,1,1,0,1,2,1
48,15.6,8,2.1,794.0,3,1,2,1,2,1,2,1
434,14.0,4,1.8,636.0,3,1,1,1,0,1,2,3
328,15.6,8,2.2,1399.0,3,1,3,2,4,1,2,3
1051,11.6,4,1.15,269.0,0,1,0,1,0,1,0,0
248,15.6,4,2.1,447.0,0,1,1,0,0,1,2,1
100,14.0,8,1.6,1119.0,3,1,2,2,2,1,2,3
575,15.6,4,1.9,368.0,0,1,1,0,0,0,0,1
561,15.6,8,2.2,677.35,3,1,2,1,2,0,1,3
814,15.6,8,2.3,1349.0,3,1,2,3,3,1,2,3
1028,14.0,8,1.7,599.0,3,1,1,4,1,1,2,3
453,15.6,8,2.5,1189.0,3,1,3,6,6,2,6,3
68,15.6,4,2.18,443.9,0,1,1,0,0,1,2,1
729,15.6,8,2.65,999.0,3,1,2,2,2,2,3,1
759,14.0,4,1.47,1105.0,3,1,2,3,3,1,2,3
359,14.0,8,1.7,999.0,3,1,2,2,2,1,2,3
493,14.0,24,1.32,2382.0,9,1,3,4,4,1,2,3
692,15.4,16,1.83,2439.97,9,3,3,6,9,0,9,3
24,17.3,16,2.7,1492.8,3,1,3,6,6,2,4,3
856,15.6,16,2.8,3055.0,9,4,4,0,10,2,8,3
704,15.6,2,2.2,379.0,0,1,0,1,0,1,0,1
1171,15.6,4,2.1,540.0,0,1,2,3,3,1,2,1
354,17.3,16,2.9,1407.0,3,1,3,6,6,2,3,3
590,15.6,16,3.21,2774.63,3,1,3,6,6,2,10,3
413,15.6,4,1.8,829.0,3,1,2,1,2,1,2,3
1157,15.6,4,2.2,485.0,3,1,1,0,0,0,0,3
0,13.3,8,1.3,1268.0,5,2,3,2,4,1,2,3
626,17.3,8,2.7,1486.77,3,1,3,6,6,2,6,3
677,14.0,8,1.63,988.0,3,1,3,3,3,1,2,3
637,13.3,8,1.4,955.0,3,1,3,3,3,0,1,3
1211,15.6,4,2.31,705.15,0,1,1,3,1,1,2,1
245,15.6,8,2.23,1993.0,3,1,4,0,10,2,7,1
1094,14.0,4,1.8,638.0,3,1,3,2,4,1,2,3
388,15.6,16,2.06,1899.0,3,1,3,6,6,2,3,3
1280,13.9,8,1.38,1079.0,3,1,3,4,4,1,2,3
593,15.6,4,2.2,613.0,3,1,2,1,2,2,2,1
352,17.3,8,3.2,1299.0,3,1,3,0,5,0,5,3
955,15.6,4,2.2,498.9,3,1,1,0,0,0,0,3
713,14.0,8,1.9,938.0,3,1,2,2,2,1,2,3
379,15.6,8,2.1,716.0,3,1,1,1,0,2,3,1
16,13.3,4,1.49,719.0,3,1,1,1,0,1,2,3
1005,15.6,8,1.84,1228.99,3,1,3,2,4,1,2,3
1053,15.6,4,2.2,349.0,3,1,0,0,0,1,0,3
669,13.9,8,1.38,1349.0,3,1,3,4,4,1,2,3
402,15.6,16,2.32,989.99,3,1,3,4,4,0,2,1
849,12.0,8,0.92,1163.0,4,3,3,0,4,1,3,0
323,13.3,8,1.37,1803.6,7,3,2,8,7,1,7,3
615,13.3,4,1.29,615.0,5,2,0,0,0,1,4,0
389,15.6,8,2.3,830.0,3,1,2,2,2,1,2,3
1084,15.6,8,2.1,1144.5,3,1,2,1,2,0,3,3
1261,15.6,16,2.8,2099.0,3,1,3,6,6,2,10,3
562,17.3,8,2.83,865.0,3,1,3,4,4,0,2,1
768,13.3,4,1.5,549.0,3,1,1,1,0,1,2,3
164,13.9,16,1.4,2099.0,9,4,3,3,3,1,2,3
525,14.0,4,1.5,325.0,0,1,0,1,0,1,0,0
134,15.6,16,2.65,1499.0,3,1,3,6,6,2,6,3
743,15.6,8,2.3,1649.0,3,1,2,2,2,2,6,3
821,15.6,4,2.2,499.0,3,1,1,0,0,1,2,3
836,15.6,16,2.4,1975.0,3,1,3,6,7,2,5,3
824,11.6,4,1.47,479.0,0,0,0,1,0,1,0,1
464,14.0,8,1.95,1180.0,3,1,2,3,3,1,2,3
410,15.6,16,2.3,1181.27,3,1,3,4,4,0,2,3
1302,15.6,8,2.1,1229.56,3,1,3,3,3,0,3,3
129,15.6,4,2.3,684.8,0,0,2,2,2,1,2,1
700,14.0,8,1.8,1669.0,3,1,3,2,4,1,2,3
127,15.6,4,1.85,779.0,3,1,3,4,4,1,2,1
1228,15.6,16,1.63,1468.0,3,1,3,4,4,2,2,3
203,14.0,4,1.3,260.0,3,1,0,0,0,1,0,0
262,12.5,8,1.26,1335.0,3,1,3,4,4,1,2,3
883,17.3,32,4.42,2800.0,3,1,3,6,5,2,10,3
976,14.0,16,1.7,2299.0,3,1,3,4,4,1,2,3
484,17.3,16,4.2,2599.0,3,1,3,6,6,2,10,3
148,15.6,16,2.3,2445.0,9,4,3,6,6,2,2,3
893,15.6,4,2.1,689.0,3,1,3,4,4,0,1,1
798,15.6,4,2.1,395.0,0,1,1,0,0,0,0,1
219,11.6,4,1.5,375.0,0,0,0,0,0,1,0,0
969,15.6,8,2.2,549.0,3,1,2,2,2,1,2,3
1046,15.6,4,2.23,544.0,3,1,1,0,0,2,2,1
252,15.6,16,2.59,879.01,3,1,3,6,5,2,3,1
796,13.3,8,1.19,1499.0,3,1,3,3,3,1,2,3
220,15.6,32,2.06,2639.0,9,4,3,6,6,2,3,3
882,17.3,16,2.5,1271.0,3,1,3,3,3,2,3,3
1016,15.6,8,2.4,1199.0,3,1,2,2,2,2,3,3
403,15.6,4,2.1,426.0,0,1,1,0,0,0,0,3
292,14.0,8,1.32,1799.0,3,1,2,2,2,1,2,3
571,14.0,8,1.7,1499.0,3,1,3,6,7,1,2,3
360,15.6,4,2.2,444.0,3,1,1,0,0,1,2,3
1026,15.6,8,2.4,779.0,3,1,3,6,6,2,3,1
141,13.3,8,1.31,1599.0,3,1,3,4,4,1,2,3
1065,15.6,4,2.0,489.0,0,1,1,1,0,1,2,1
471,15.6,8,2.2,797.41,3,1,2,1,2,0,1,3
1017,17.3,16,2.73,2049.9,3,1,3,6,6,2,6,3
600,15.6,4,1.8,309.0,0,1,0,1,0,1,0,1
1011,11.6,2,1.3,174.0,0,1,0,0,0,1,0,3
643,13.3,16,1.1,1748.9,3,1,3,4,4,1,2,3
553,13.3,4,1.4,818.35,3,1,2,1,2,0,1,3
1086,15.6,4,2.2,359.99,0,1,0,0,0,1,0,1
1059,15.6,4,2.18,569.0,3,1,2,2,2,0,0,3
288,13.3,4,1.49,726.0,3,1,2,1,2,1,2,3
230,15.6,4,1.86,297.0,0,1,0,3,0,0,0,1
611,13.3,4,1.49,800.0,0,1,1,1,0,1,2,1
911,15.6,4,2.1,330.0,0,1,0,0,0,0,0,1
1212,15.6,8,1.84,1219.0,3,1,3,4,4,1,2,3
1139,15.6,8,2.2,685.0,3,1,3,4,4,2,1,1
1226,14.0,8,1.6,859.0,3,1,2,2,2,1,2,3
418,13.3,8,1.11,1149.0,3,1,2,2,2,1,2,3
162,14.0,4,1.63,299.0,0,1,0,0,0,1,0,0
49,11.6,4,1.16,299.0,3,1,0,0,0,1,0,3
980,15.6,4,2.1,349.0,3,1,1,0,0,1,2,1
970,15.6,16,2.94,1819.0,3,1,3,6,5,2,6,3
367,15.6,8,1.86,690.0,3,1,2,2,2,1,2,3
239,15.6,4,1.86,344.99,3,1,1,0,0,1,2,1
778,14.0,8,1.27,2339.0,9,0,3,2,4,1,2,3
17,15.6,4,2.09,523.63,0,1,2,3,3,1,2,1
784,12.5,8,1.5,1413.1,0,1,2,3,3,1,2,3
1121,13.3,8,1.1,1315.0,3,1,2,1,2,1,2,3
422,11.6,2,0.98,191.9,0,1,0,0,0,1,0,0
1042,17.3,12,3.35,1999.0,3,1,3,6,6,2,10,3
842,15.6,8,2.06,1749.0,9,4,2,2,2,2,3,3
1260,15.6,4,2.1,489.9,0,1,1,0,0,1,2,1
460,15.6,8,3.14,2064.9,3,1,3,6,6,2,8,3
985,15.6,6,2.0,577.0,3,1,1,1,0,2,1,3
614,15.6,16,1.91,2153.37,3,1,3,6,5,2,8,3
176,15.6,8,2.2,799.0,0,1,2,2,2,1,2,3
167,13.5,8,1.252,1340.0,4,0,2,2,2,1,2,3
78,15.6,4,2.2,344.0,3,1,0,0,0,1,0,1
1201,15.6,8,2.4,1149.0,3,1,3,6,6,2,6,3
676,17.3,16,3.6,2999.0,3,1,3,10,10,2,12,3
1131,14.0,8,2.0,945.0,3,1,2,2,2,1,2,3
1220,15.6,8,2.6,1272.0,3,1,3,6,5,2,3,3
511,11.6,2,1.17,209.0,0,1,0,1,0,1,0,0
1050,15.6,6,2.4,569.0,3,1,1,3,1,2,1,3
574,13.3,8,1.37,1518.55,7,3,2,3,5,1,5,3
1108,17.3,16,4.3,2299.0,3,1,3,6,5,2,10,3
331,17.3,16,2.99,1749.0,3,1,3,6,6,2,4,3
380,15.6,4,2.1,599.0,0,1,2,2,2,1,2,3
94,13.3,8,1.1,1358.0,3,1,2,2,2,1,2,3
1091,14.0,8,1.13,2499.0,3,1,3,4,4,1,2,3
533,15.6,4,2.1,498.0,0,1,1,0,1,1,2,3
1093,15.6,4,2.2,369.0,0,1,1,0,0,1,2,3
31,15.6,8,1.83,699.0,3,1,3,3,3,2,0,3
522,14.0,8,1.25,1049.0,3,1,3,4,4,1,2,3
470,15.6,8,2.0,581.9,3,1,0,0,0,1,0,3
950,15.6,16,2.36,899.0,3,1,3,4,4,0,2,3
1165,12.5,8,1.2,1159.0,3,1,3,4,3,1,4,0
1170,17.3,8,3.0,3949.4,3,1,3,6,5,2,11,3
735,15.6,16,2.17,1975.0,3,1,3,4,9,2,7,3
523,14.0,8,1.58,1480.0,3,1,3,4,4,1,2,3
681,15.6,8,2.32,599.0,3,1,2,3,3,0,1,1
694,13.3,16,0.81,1649.0,3,1,3,4,4,1,2,3
728,12.0,8,0.92,1262.4,4,3,3,4,4,1,5,3
932,17.3,8,2.5,896.0,3,1,2,1,2,2,3,1
873,15.6,8,2.5,999.0,3,1,3,6,6,2,3,3
144,17.3,8,2.5,914.0,3,1,2,1,2,2,3,1
378,15.6,6,2.4,564.0,3,1,2,2,2,1,2,1
982,15.6,8,2.04,559.0,0,0,2,2,2,1,2,1
341,15.6,4,2.2,799.0,3,1,3,4,4,2,1,1
311,17.3,16,3.2,1549.0,3,1,3,0,5,0,5,3
953,17.3,8,2.63,910.0,1,1,2,2,2,2,3,1
232,15.6,6,2.04,539.0,3,1,1,0,0,0,0,1
983,15.6,4,1.9,270.62,0,1,0,0,0,1,0,3
165,17.3,8,3.0,659.0,1,1,2,3,3,0,1,1
538,15.6,4,2.1,621.45,3,1,2,2,2,1,2,1
1096,13.3,8,1.49,959.0,3,1,2,1,2,1,2,3
449,13.3,8,1.1,1499.0,3,1,3,3,3,1,2,3
1290,17.3,8,2.54,489.0,1,1,1,0,0,1,2,1
665,15.6,4,1.9,252.36,0,1,0,0,0,1,0,1
693,15.6,8,1.9,813.0,3,1,2,2,2,0,2,3
270,15.6,4,2.2,545.67,0,1,1,0,0,0,0,1
519,15.6,8,2.2,1099.0,3,1,3,6,6,2,3,3
710,12.5,8,1.36,1760.0,3,1,2,6,4,1,2,3
236,14.0,8,1.63,860.0,3,1,2,1,2,1,2,3
1194,15.6,8,2.14,735.07,3,1,3,3,3,0,1,3
1075,14.0,2,1.45,210.8,0,1,0,0,0,1,0,0
498,17.3,8,3.35,1129.0,3,1,2,3,3,2,6,3
135,15.6,8,2.0,1224.0,3,1,3,4,4,1,2,3
1241,17.3,6,2.8,649.0,1,1,2,2,2,2,1,1
67,12.5,4,1.26,1579.0,3,1,2,3,3,1,2,1
964,15.6,4,2.0,224.0,0,1,0,0,0,1,0,1
39,15.6,8,2.33,899.0,3,1,3,4,4,0,2,3
703,15.6,6,1.91,619.0,3,1,2,1,2,0,1,3
568,12.5,8,1.36,1472.2,3,1,2,2,2,1,0,3
563,14.0,8,1.32,1499.0,3,1,2,2,2,1,2,3
591,15.6,8,2.08,959.0,3,1,2,2,2,0,2,3
921,15.6,8,2.2,985.0,3,1,3,3,3,0,1,3
481,17.3,12,3.0,949.0,3,1,3,6,6,2,4,1
1140,15.6,8,2.0,1064.0,3,1,2,2,2,1,2,1
249,15.6,8,1.78,2408.0,3,1,3,6,6,2,8,3
510,14.0,8,1.6,884.0,3,1,3,3,3,1,2,3
455,15.6,8,2.3,469.01,0,0,1,1,0,1,2,1
767,12.5,8,1.1,1790.0,3,1,3,4,4,1,2,3
225,15.6,4,2.1,429.0,0,1,1,0,0,1,2,3
963,13.3,4,1.65,849.0,0,1,1,0,0,1,2,1
208,14.0,4,1.8,638.0,3,1,3,2,4,1,2,3
150,15.6,4,2.0,586.19,0,1,2,2,2,1,2,3
850,15.6,4,1.63,689.0,0,1,1,0,0,1,2,3
196,13.3,8,1.3,1034.0,3,1,2,2,2,1,2,3
1031,15.6,4,2.04,685.0,3,1,1,1,0,1,2,1
597,14.0,16,1.7,1769.0,3,1,3,6,5,2,8,3
105,15.6,8,2.04,846.5,0,1,2,2,2,2,3,1
646,15.6,4,2.2,409.0,3,1,1,0,0,1,2,1
843,15.6,4,2.0,398.99,0,1,0,0,0,1,0,1
303,13.3,8,1.62,869.01,3,1,3,3,3,1,2,3
1,15.6,4,2.06,481.98,0,1,1,3,1,1,2,1
815,15.6,6,2.3,459.0,0,1,1,1,0,1,2,1
444,13.3,8,1.27,928.0,3,1,2,2,2,1,2,3
1149,13.3,8,1.4,949.0,3,1,1,1,0,1,2,3
678,17.3,16,2.9,1059.0,3,1,3,3,3,2,2,1
271,15.6,16,2.5,1099.0,3,1,3,2,4,0,3,2
607,15.6,16,1.8,2094.48,3,1,3,6,6,2,6,3
731,15.6,16,2.06,2397.0,9,4,3,6,6,2,3,3
642,17.3,8,3.0,1187.0,3,1,3,6,6,2,3,1
121,15.6,8,2.65,1195.0,3,1,2,2,2,2,6,3
499,17.3,8,3.0,938.0,3,1,2,2,2,2,3,3
997,15.6,4,2.2,720.32,0,1,3,2,4,2,1,1
1270,15.6,8,2.56,819.0,3,1,2,2,2,2,3,1
1301,15.6,8,2.06,955.0,3,1,2,2,2,1,2,1
344,15.6,8,2.62,1498.0,9,4,3,6,6,2,4,3
748,15.6,16,2.06,2399.0,9,4,3,6,6,2,3,3
786,17.3,8,2.5,639.9,1,1,1,0,0,1,2,3
163,15.6,8,2.4,819.0,3,1,2,2,2,2,3,1
187,15.6,8,2.37,749.0,3,1,2,2,2,1,2,1
550,15.6,4,2.29,490.0,0,1,1,0,0,1,2,1
696,15.6,4,1.86,369.0,0,1,0,2,0,0,0,3
1294,15.6,4,1.86,485.0,0,1,2,2,2,1,2,1
1113,15.6,16,1.8,1983.0,3,1,3,6,6,2,4,3
1186,11.6,4,1.4,615.0,0,0,0,0,0,1,0,0
174,15.6,16,1.93,1426.66,3,1,2,6,4,1,2,3
1195,13.3,8,1.48,1629.0,3,1,2,1,4,1,2,3
576,15.6,4,2.4,410.8,0,1,1,0,0,1,2,1
57,15.6,4,1.86,398.99,3,1,0,1,0,1,0,3
569,13.3,8,1.5,1210.0,0,1,2,3,3,1,2,3
10,17.3,16,2.73,1799.0,3,1,3,6,5,2,6,3
1038,17.3,8,2.8,1099.0,3,1,3,3,3,0,1,3
699,14.0,4,2.1,299.0,0,1,0,0,0,1,0,1
458,14.0,4,1.48,1099.99,0,1,2,1,4,1,2,3
244,17.3,8,2.7,1199.0,3,1,3,6,6,2,4,3
738,11.6,2,1.17,209.0,0,1,0,1,0,1,0,0
37,15.6,6,2.3,459.0,0,1,1,1,0,1,2,1
732,15.6,6,2.04,579.0,0,1,3,4,4,1,2,1
1173,14.0,8,1.75,1116.02,3,1,2,1,2,0,3,3
113,17.3,8,2.63,1200.0,3,1,3,4,4,2,3,3
1146,15.6,8,2.02,1142.4,3,1,3,3,3,0,1,3
1100,15.6,8,2.4,799.0,3,1,2,2,2,2,2,3
407,14.0,8,1.5,799.0,3,1,3,4,4,0,2,3
1256,15.6,8,1.91,979.0,3,1,3,4,4,2,2,1
269,15.6,4,2.24,737.0,0,1,2,3,3,1,2,1
404,15.6,4,2.4,289.0,0,1,0,1,0,1,0,1
897,14.0,8,1.75,1049.0,3,1,2,1,2,1,2,3
436,15.6,8,2.31,1534.0,3,1,3,10,5,1,2,3
717,15.6,8,1.7,977.0,3,1,2,2,2,2,2,3
595,15.6,4,2.2,324.0,0,1,0,1,0,1,0,1
276,13.3,8,1.45,1280.0,3,1,3,2,4,1,2,3
812,12.3,16,1.1,2199.0,7,0,3,6,7,1,5,3
497,15.6,4,2.2,274.9,0,1,0,1,0,1,0,1
85,17.3,8,2.8,889.0,3,1,2,1,2,0,1,3
557,17.3,8,2.5,977.0,3,1,2,1,2,2,3,3
757,15.6,8,2.3,1011.99,3,1,2,2,2,2,2,3
564,15.6,8,2.36,889.0,3,1,2,2,2,0,2,3
895,15.6,4,2.23,616.0,3,1,2,2,2,2,2,1
365,12.5,4,1.26,1559.0,0,1,2,2,2,1,2,3
769,14.0,8,1.7,1199.0,3,1,2,3,3,1,2,3
324,13.3,8,1.5,847.0,3,1,2,1,2,1,2,3
844,13.3,8,0.81,1499.0,3,1,2,2,2,1,2,3
924,15.6,8,2.2,919.0,3,1,3,3,3,0,1,3
221,17.3,16,2.9,2029.0,3,1,3,6,6,2,10,3
348,13.3,8,1.21,1949.0,9,4,3,3,3,1,2,3
229,15.6,6,2.1,409.0,0,1,1,0,0,0,0,1
168,15.6,8,2.18,795.0,3,1,2,2,2,1,2,3
74,15.4,16,1.83,2537.45,9,3,3,4,10,0,10,3
405,15.6,16,2.4,1199.0,3,1,3,6,6,2,4,3
760,15.6,8,2.05,739.0,3,1,2,1,2,1,2,3
941,13.3,8,1.29,1499.0,9,4,2,1,2,1,2,3
868,15.6,16,3.49,2813.75,3,1,3,10,10,2,10,3
65,15.6,4,2.4,609.0,3,1,2,2,2,2,1,1
314,15.6,8,2.4,1229.0,3,1,3,6,5,2,3,3
1034,14.0,4,1.7,699.0,3,1,2,2,2,1,2,3
1114,15.6,8,2.56,1060.49,3,1,3,6,6,2,3,3
1175,15.6,8,1.99,1729.0,3,1,3,4,4,1,2,3
321,15.6,4,2.1,493.0,0,1,2,3,3,1,2,3
467,14.0,4,1.54,1000.0,3,1,2,3,3,1,2,1
1022,13.3,16,1.21,2499.0,9,4,3,3,3,1,2,3
629,15.6,6,2.2,579.0,3,1,2,2,2,1,2,3
433,15.6,8,2.5,1048.0,3,1,3,6,6,2,3,3
1169,13.3,16,1.3,1499.0,5,2,3,2,4,1,2,3
741,13.3,8,1.29,1477.0,5,2,3,4,4,1,2,3
131,15.6,8,2.45,699.0,3,1,2,0,1,0,1,1
1035,15.6,4,2.0,344.0,3,1,0,0,0,1,0,1
1130,15.6,4,1.9,825.0,0,1,2,2,2,1,2,1
787,17.3,8,2.7,1599.0,3,1,3,6,6,2,6,3
1092,15.6,4,2.0,349.0,0,1,0,3,0,0,0,1
1058,15.6,12,2.4,1009.0,3,1,2,2,2,2,2,3
1132,15.6,6,2.19,764.0,0,1,3,2,4,0,1,1
335,15.6,16,2.34,2325.0,3,1,3,6,5,2,10,3
847,17.3,4,2.79,589.0,1,1,2,2,2,2,1,1
999,14.0,8,1.13,2282.0,9,1,3,4,4,1,2,3
1275,13.3,4,1.6,655.0,0,1,2,3,3,1,2,3
1079,13.5,4,1.252,989.0,4,0,3,0,2,1,5,3
3,13.3,4,1.28,1700.0,3,1,2,2,2,1,2,3
107,15.6,4,2.2,309.0,0,1,0,0,0,1,0,1
119,15.6,8,2.29,459.0,0,1,1,3,1,1,2,1
393,15.6,8,2.62,899.0,3,1,3,6,6,2,3,1
1120,15.6,8,2.6,899.0,3,1,3,6,5,2,3,1
58,13.3,8,1.23,1399.0,3,1,2,1,2,1,2,3
594,13.3,8,1.37,1958.9,7,3,2,10,7,1,7,3
864,15.6,8,2.18,836.0,3,1,2,2,2,1,2,1
11,14.0,2,1.42,249.0,0,1,0,1,0,1,0,0
274,14.0,4,1.64,779.0,0,1,2,2,2,1,2,1
442,13.3,8,1.29,1458.0,3,1,3,4,4,1,2,3
686,15.6,4,2.3,499.0,0,1,1,0,0,0,0,3
1243,13.3,8,1.29,1499.0,3,1,2,2,2,1,2,3
406,15.6,4,2.18,586.6,0,1,1,1,0,1,2,1
30,15.6,4,1.86,259.0,0,1,0,1,0,1,0,1
1039,17.3,16,4.2,1935.0,3,1,3,6,5,2,6,3
1144,17.3,32,3.8,2799.0,3,1,3,4,10,2,12,3
429,13.3,8,1.28,935.0,3,1,2,3,3,2,2,3
320,18.4,32,4.4,2799.0,3,1,3,10,10,2,10,3
664,15.6,2,2.19,199.0,0,1,0,0,0,1,0,3
1008,15.6,4,2.2,399.0,3,1,0,2,0,0,0,3
698,15.6,4,2.1,476.99,0,1,2,3,3,1,2,1
340,15.6,8,2.56,879.0,3,1,2,2,2,2,3,3
1244,13.3,4,1.49,675.0,3,1,2,1,2,1,2,1
916,14.0,16,1.47,1764.0,3,1,3,6,7,2,5,3
387,13.3,16,1.28,1975.0,3,1,3,6,6,1,2,3
101,15.6,6,2.3,459.0,0,1,1,1,0,1,2,1
177,15.6,8,2.5,1249.0,3,1,3,6,6,2,4,3
680,15.6,8,2.2,832.0,3,1,3,4,4,2,2,3
414,13.3,8,1.21,1599.0,9,4,2,1,2,1,2,3
1019,15.6,8,2.7,1260.0,3,1,3,6,6,2,3,3
390,15.6,8,2.2,549.0,0,1,2,2,2,2,2,1
959,17.3,16,2.43,2449.0,3,1,3,6,6,2,10,3
447,15.0,8,1.17,1699.0,3,1,3,4,4,1,2,3
1090,15.6,4,2.3,565.0,0,1,1,0,0,1,2,3
216,15.6,8,1.9,817.95,3,1,2,2,2,0,0,3
852,15.6,4,2.2,468.0,3,1,2,2,2,1,2,3
1141,15.6,8,2.62,1199.0,3,1,3,6,6,2,3,1
952,15.6,8,1.9,663.0,3,1,2,1,2,0,1,1
1284,14.0,4,1.87,785.0,3,1,2,2,2,1,2,1
450,17.3,16,4.3,1799.0,3,1,3,6,6,2,10,3
691,14.0,8,1.64,1049.26,3,1,2,2,2,2,3,3
830,17.3,6,2.71,699.0,3,1,2,2,2,0,1,1
832,13.3,8,1.5,973.0,3,1,2,2,2,1,2,3
683,15.6,8,2.31,1165.0,3,1,2,3,3,1,2,3
1183,15.6,4,2.0,339.0,0,1,0,0,0,1,0,1
103,14.0,8,1.95,1195.0,3,1,2,3,3,1,2,3
123,13.3,8,1.12,989.0,3,1,2,4,5,1,5,3
670,15.6,8,2.65,949.0,3,1,2,2,2,2,3,2
56,13.3,4,1.2,369.0,3,1,0,0,0,1,0,3
1119,14.0,4,1.75,915.0,0,1,2,3,3,1,2,1
749,15.6,8,1.99,1350.0,3,1,3,6,6,2,3,3
604,15.6,4,1.91,488.99,3,1,1,0,0,0,0,3
242,15.6,8,2.2,719.0,3,1,2,1,2,0,1,3
284,15.6,6,1.54,831.0,3,1,3,4,4,2,1,3
988,12.5,4,1.26,1244.0,0,1,2,3,3,1,2,3
275,13.3,8,1.23,1379.0,3,1,3,1,4,1,5,3
1012,15.6,8,1.95,1962.99,3,1,2,2,2,1,2,3
774,15.6,8,2.02,759.0,3,1,2,1,2,0,1,1
588,13.3,8,1.21,1649.0,3,1,3,3,3,1,2,3
1289,17.3,16,3.0,1504.0,3,1,3,6,6,2,5,3
790,15.6,16,2.4,1403.0,3,1,3,2,4,2,5,3
13,15.6,4,2.4,380.0,0,1,0,0,0,1,0,1
840,15.6,16,2.0,1899.0,9,4,3,6,6,2,3,3
995,15.6,8,2.36,557.37,0,0,2,2,2,1,2,1
647,15.6,4,1.89,248.9,3,1,0,0,0,1,0,0
400,17.3,12,2.77,999.0,3,1,2,1,2,2,4,1
98,13.3,8,1.1,999.0,3,1,2,2,2,1,2,3
1292,17.3,16,2.7,1598.0,3,1,3,6,6,2,6,3
202,17.3,16,3.0,4389.0,3,1,4,10,12,2,11,3
198,12.5,8,1.25,1029.0,9,4,3,2,4,1,2,3
1025,17.3,12,2.62,1799.0,3,1,3,6,6,2,6,1
1232,14.0,8,1.64,1179.0,3,1,2,6,3,2,3,3
368,11.6,4,1.08,959.0,0,1,2,1,2,1,2,0
1107,13.3,16,1.3,1799.0,5,2,3,0,6,1,6,3
1153,17.3,4,3.0,702.0,3,1,1,4,1,2,1,3
859,15.6,4,1.89,244.99,3,1,0,0,0,1,0,0
190,12.5,4,1.5,1135.15,0,1,1,3,1,1,2,1
773,15.6,8,1.91,579.0,0,1,2,2,2,1,2,3
876,13.3,8,1.2,1129.0,5,2,2,2,2,1,2,3
118,15.6,16,2.62,1679.0,9,4,3,6,6,2,4,3
246,15.6,8,2.24,565.0,3,1,2,2,2,0,0,1
1069,15.6,4,1.88,932.0,0,1,2,3,3,1,2,1
1219,17.3,32,4.42,3147.37,9,4,3,6,6,2,10,3
1030,11.6,4,1.45,775.0,0,0,0,0,0,1,0,3
589,13.3,8,1.24,2013.1,5,2,3,6,7,1,5,3
1106,15.6,6,2.2,549.0,3,1,2,0,0,0,1,3
1283,15.6,8,2.0,1299.0,3,1,3,6,6,1,4,3
1269,12.5,16,1.29,1799.0,9,4,3,2,4,1,2,3
1223,13.9,16,1.4,1849.0,9,4,3,3,3,1,2,3
161,17.3,4,2.71,439.0,3,1,0,2,0,0,1,1
124,14.0,4,2.0,769.0,3,1,1,1,0,1,2,3
1198,15.6,6,2.18,799.0,3,1,3,6,5,2,3,1
204,13.3,8,1.49,1103.0,3,1,3,3,3,1,2,3
18,13.3,8,1.23,1379.0,5,2,3,1,4,1,5,3
84,15.6,8,2.2,689.0,3,1,3,3,3,2,2,1
874,15.6,8,2.0,2135.0,3,1,3,4,9,2,8,3
222,13.3,8,1.41,949.0,3,1,2,1,2,1,2,3
1158,17.3,6,2.8,949.0,1,1,3,4,4,2,2,3
1145,17.3,8,3.0,2899.0,3,1,3,6,5,0,10,1
1272,15.6,6,2.3,439.0,0,0,1,1,0,1,2,1
1207,14.0,4,1.5,286.0,0,1,0,0,0,1,0,0
430,14.0,4,1.4,265.0,0,1,0,0,0,1,0,1
1291,12.0,8,0.92,1279.0,4,3,3,4,4,1,4,0
491,14.0,12,1.4,1673.0,3,1,3,6,7,1,2,3
623,15.6,8,2.04,629.0,0,1,2,2,1,0,1,1
147,15.6,4,2.2,749.0,3,1,2,1,2,0,1,3
33,13.3,4,1.44,735.0,3,1,1,1,0,1,2,3
943,13.3,4,1.2,1195.0,3,1,2,3,3,1,2,3
1253,13.3,8,1.37,1970.0,3,1,3,4,4,1,2,3
1097,14.0,8,1.36,1639.0,3,1,2,2,2,1,2,3
866,13.3,16,1.62,1279.0,3,1,3,3,3,1,2,3
558,15.6,16,2.1,1159.0,3,1,3,3,3,1,2,3
1085,10.1,4,0.69,319.0,0,0,0,0,0,1,0,0
1041,14.0,2,1.44,249.0,0,1,0,1,0,1,0,0
1277,15.6,8,2.5,839.0,3,1,2,2,2,2,3,3
1082,17.3,32,4.6,2663.0,3,1,3,4,10,2,10,3
73,17.3,32,3.49,5499.0,9,4,3,10,10,2,12,3
199,17.3,16,4.0,998.0,3,1,3,6,5,2,4,1
1159,17.3,8,2.6,1599.0,3,1,3,6,5,2,4,3
1208,15.6,4,1.86,288.9,0,1,0,1,0,1,0,1
579,15.6,4,2.2,639.0,3,1,3,4,4,2,2,1
302,13.3,8,1.34,1323.0,3,1,3,4,4,1,2,3
818,17.3,8,2.63,1080.0,3,1,2,2,2,2,3,3
1006,15.6,4,2.4,289.0,0,1,0,1,0,1,0,1
448,15.6,8,2.62,1099.0,3,1,3,6,6,2,3,1
919,15.6,16,2.2,1299.0,3,1,3,6,6,2,4,3
35,15.6,4,2.3,639.0,3,1,2,2,2,0,0,3
1045,15.6,8,2.18,750.0,3,1,2,2,2,1,2,3
596,15.6,4,2.18,455.7,0,1,1,0,0,0,0,1
1218,14.0,8,1.36,1637.0,9,0,2,3,3,1,2,3
214,15.6,4,1.93,959.0,0,1,2,6,4,1,2,1
469,17.3,8,2.5,1045.0,3,1,3,3,3,2,3,3
933,15.6,4,2.18,912.5,3,1,2,2,2,2,2,3
1249,14.0,4,1.4,249.0,3,1,0,0,0,1,0,3
803,15.6,8,2.2,745.0,3,1,3,4,4,0,0,3
372,15.6,4,2.4,289.0,0,1,0,1,0,1,0,1
1287,15.6,8,2.0,1299.0,9,4,3,4,4,2,3,3
506,13.3,8,1.2,1363.0,3,1,3,2,4,1,2,3
775,17.3,12,2.2,1369.9,3,1,2,2,2,2,3,3
281,14.0,4,1.48,1590.0,3,1,2,2,2,1,2,3
234,15.6,16,2.62,1479.0,3,1,3,6,6,2,4,3
782,15.6,4,2.2,443.99,0,1,0,1,0,1,0,1
307,14.0,8,1.56,902.0,3,1,2,2,2,1,2,3
106,15.6,8,2.0,1258.0,3,1,2,2,2,1,2,3
504,15.6,8,1.86,539.0,3,1,1,0,0,1,2,3
1172,14.0,4,2.31,1189.0,0,1,2,2,2,1,2,1
1276,15.6,4,2.0,274.99,0,1,0,0,0,1,0,1
228,15.6,4,2.2,720.32,0,1,3,2,4,2,1,1
424,15.6,4,2.04,839.0,3,1,2,2,2,1,2,3
740,15.6,4,2.04,979.0,0,1,2,2,2,1,2,3
415,15.6,4,2.1,705.5,3,1,1,1,0,1,2,3
116,17.3,4,2.8,530.0,1,1,0,1,0,2,1,1
1009,13.3,8,1.62,649.0,3,1,2,3,3,1,2,1
79,15.6,16,2.72,1099.0,9,4,3,6,5,2,3,3
1234,15.6,4,1.91,478.89,3,1,0,2,0,0,1,3
272,14.0,8,1.13,1875.0,3,1,2,2,2,1,2,0
247,15.6,16,2.59,1339.0,3,1,3,6,5,2,3,3
1178,17.3,16,4.42,3012.77,3,1,3,6,6,2,10,3
409,13.3,8,1.6,1199.0,3,1,2,2,2,1,2,3
46,17.3,32,4.6,3240.0,3,1,3,4,10,2,10,3
52,15.6,8,2.2,429.0,0,1,2,0,0,0,0,1
855,13.3,8,1.44,949.0,3,1,2,2,2,1,2,3
1273,14.0,4,1.8,833.01,3,1,2,3,3,1,2,3
1095,15.6,4,1.68,469.0,0,1,1,0,0,0,0,1
254,14.0,4,1.6,875.0,0,1,2,2,2,1,2,1
431,15.6,4,1.85,403.5,3,1,1,0,0,1,2,3
19,14.0,8,1.8,919.0,3,1,2,2,2,1,2,3
213,14.0,16,1.38,1749.0,3,1,3,4,4,1,2,3
339,14.0,8,1.65,1345.0,3,1,2,2,2,1,2,3
223,14.0,8,1.94,389.0,0,1,0,1,0,1,0,1
456,12.0,8,0.92,1300.0,4,3,3,0,4,1,4,0
986,15.6,12,2.3,713.07,0,1,3,4,4,1,2,1
253,15.6,4,2.1,398.0,0,1,2,3,3,1,2,1
4,15.6,6,2.04,549.99,3,1,1,10,0,0,0,2
1134,15.6,4,2.2,399.0,3,1,1,10,0,0,1,3
1137,15.6,12,2.2,609.0,0,0,3,3,3,1,2,1
137,13.3,8,1.3,999.9,3,1,2,2,2,2,2,3
1187,15.6,4,2.31,940.0,3,1,2,3,3,1,2,1
12,14.0,8,1.79,740.0,0,1,1,3,1,1,2,3
478,15.6,4,2.2,309.0,0,1,0,10,0,0,0,1
207,15.6,4,2.2,299.0,0,1,0,0,0,0,0,1
793,14.0,4,2.02,990.0,0,1,2,2,2,1,2,1
1133,15.6,16,2.65,1845.0,9,4,3,6,6,2,6,3
266,15.6,8,1.95,1199.0,3,1,2,1,2,2,2,3
1052,15.6,16,2.5,3299.0,9,4,3,6,6,2,11,3
241,15.6,6,2.19,764.0,0,1,3,2,4,0,1,1
89,11.6,4,1.25,389.0,0,0,0,1,0,1,0,0
716,13.3,4,1.2,1195.0,3,1,2,3,3,1,2,3
517,15.6,8,2.4,449.0,0,1,1,0,0,0,0,1
891,14.0,8,1.36,1775.0,3,1,3,6,6,1,2,3
1179,15.6,8,2.3,805.99,0,1,3,4,4,0,0,1
